state_abbrev,state_name,scenario_key,sustainability_index,sustainability_tier,sustainability_rank,sustainability_percentile,sustainability_band,demand_pressure_norm,demand_per_100k,supply_per_100k,margin_per_hour,revenue_per_hour,labor_cost_per_hour,wage_revenue_ratio,units_per_hour,scenario_notes,rpp_cost_of_living_index,revenue_per_hour_rpp_adjusted,labor_cost_per_hour_rpp_adjusted,margin_per_hour_rpp_adjusted,wage_revenue_ratio_rpp_adjusted,pt_comp_share_pct_rpp,non_pt_margin_share_pct_rpp
AK,Alaska,conservative,0.552204848,Sustainable,1,1,Top Quartile,0.657142857,93.92176453,142.9244243,71.33294306,131.7162752,60.3833321,0.45843486,3.75,"Lower throughput: higher complexity/documentation, longer transitions",101.715,129.4954286,60.3833321,69.11209646,0.466297017,46.62970174,53.37029826
AK,Alaska,baseline,0.688460465,Sustainable,1,1,Top Quartile,0.657142857,93.92176453,142.9244243,88.89511308,149.2784452,60.3833321,0.404501347,4.25,Typical OP PT clinic throughput baseline,101.715,146.7614857,60.3833321,86.3781536,0.411438545,41.14385448,58.85614552
AK,Alaska,high,0.819038871,Sustainable,1,1,Top Quartile,0.657142857,93.92176453,142.9244243,106.4572831,166.8406152,60.3833321,0.361922258,4.75,"High throughput: efficient ops, shorter transitions",101.715,164.0275428,60.3833321,103.6442107,0.368129224,36.81292243,63.18707757
AL,Alabama,conservative,0.152108265,At Risk,51,0,Bottom Quartile,1.596638655,111.3748938,69.75585451,26.10979936,85.8263662,59.71656685,0.695783469,3.75,"Lower throughput: higher complexity/documentation, longer transitions",89.97,95.39442726,59.71656685,35.67786041,0.625996387,62.59963875,37.40036125
AL,Alabama,high,0.367773943,Sustainable,51,0,Bottom Quartile,1.596638655,111.3748938,69.75585451,48.99683035,108.7133972,59.71656685,0.549302739,4.75,"High throughput: efficient ops, shorter transitions",89.97,120.8329412,59.71656685,61.11637435,0.494207674,49.42076743,50.57923257
AL,Alabama,baseline,0.264249361,At Risk,51,0,Bottom Quartile,1.596638655,111.3748938,69.75585451,37.55331485,97.2698817,59.71656685,0.613926591,4.25,Typical OP PT clinic throughput baseline,89.97,108.1136842,59.71656685,48.39711738,0.552349754,55.23497536,44.76502464
AR,Arkansas,high,0.391425588,Sustainable,48,0.06,Bottom Quartile,1.142372881,109.7771361,96.09571263,51.57175771,110.6801333,59.10837559,0.534046841,4.75,"High throughput: efficient ops, shorter transitions",86.508,127.9420785,59.10837559,68.83370295,0.461993242,46.19932415,53.80067585
AR,Arkansas,conservative,0.175217411,At Risk,48,0.06,Bottom Quartile,1.142372881,109.7771361,96.09571263,28.27067702,87.37905261,59.10837559,0.676459332,3.75,"Lower throughput: higher complexity/documentation, longer transitions",86.508,101.0069041,59.10837559,41.89852852,0.585191439,58.51914393,41.48085607
AR,Arkansas,baseline,0.287510102,Sustainable,48,0.06,Bottom Quartile,1.142372881,109.7771361,96.09571263,39.92121736,99.02959296,59.10837559,0.596875882,4.25,Typical OP PT clinic throughput baseline,86.508,114.4744913,59.10837559,55.36611573,0.516345388,51.63453876,48.36546124
AZ,Arizona,baseline,0.431588767,Sustainable,23,0.56,Upper-Mid Quartile,1.213836478,103.5953352,85.34537974,55.00825261,109.2497673,54.24151468,0.496490894,4.25,Typical OP PT clinic throughput baseline,101.105,108.0557512,54.24151468,53.81423656,0.501977119,50.19771188,49.80228812
AZ,Arizona,conservative,0.318506074,Sustainable,23,0.56,Upper-Mid Quartile,1.213836478,103.5953352,85.34537974,42.15533882,96.39685349,54.24151468,0.56268968,3.75,"Lower throughput: higher complexity/documentation, longer transitions",101.105,95.34330992,54.24151468,41.10179524,0.568907401,56.89074013,43.10925987
AZ,Arizona,high,0.537703167,Sustainable,23,0.56,Upper-Mid Quartile,1.213836478,103.5953352,85.34537974,67.86116641,122.1026811,54.24151468,0.444228695,4.75,"High throughput: efficient ops, shorter transitions",101.105,120.7681926,54.24151468,66.52667789,0.449137422,44.91374221,55.08625779
CA,California,baseline,0.542387388,Sustainable,5,0.92,Top Quartile,1.213717694,93.4875997,77.02581924,69.00384349,125.2524631,56.24861958,0.449081944,4.25,Typical OP PT clinic throughput baseline,112.581,111.2554188,56.24861958,55.00679925,0.505580943,50.55809431,49.44190569
CA,California,high,0.65772238,Sustainable,5,0.92,Top Quartile,1.213717694,93.4875997,77.02581924,83.73942738,139.988047,56.24861958,0.40181016,4.75,"High throughput: efficient ops, shorter transitions",112.581,124.3442916,56.24861958,68.09567205,0.452361896,45.23618965,54.76381035
CA,California,conservative,0.420749492,Sustainable,5,0.92,Top Quartile,1.213717694,93.4875997,77.02581924,54.2682596,110.5168792,56.24861958,0.508959536,3.75,"Lower throughput: higher complexity/documentation, longer transitions",112.581,98.16654603,56.24861958,41.91792645,0.572991736,57.29917356,42.70082644
CO,Colorado,baseline,0.497409796,Sustainable,14,0.74,Upper-Mid Quartile,0.753989362,95.90273737,127.193754,62.70922621,116.2777849,53.56855872,0.460694695,4.25,Typical OP PT clinic throughput baseline,101.382,114.6927314,53.56855872,61.12417266,0.467061496,46.70614962,53.29385038
CO,Colorado,high,0.606785497,Sustainable,14,0.74,Upper-Mid Quartile,0.753989362,95.90273737,127.193754,76.38896561,129.9575243,53.56855872,0.412200517,4.75,"High throughput: efficient ops, shorter transitions",101.382,128.1859939,53.56855872,74.61743518,0.417897128,41.78971282,58.21028718
CO,Colorado,conservative,0.381568205,Sustainable,13,0.76,Top Quartile,0.753989362,95.90273737,127.193754,49.02948681,102.5980455,53.56855872,0.522120655,3.75,"Lower throughput: higher complexity/documentation, longer transitions",101.382,101.1994689,53.56855872,47.63091015,0.529336362,52.93363623,47.06636377
CT,Connecticut,high,0.609569747,Sustainable,11,0.8,Top Quartile,0.694859038,115.0666137,165.5970598,77.30078041,132.8147394,55.51395904,0.417980408,4.75,"High throughput: efficient ops, shorter transitions",103.689,128.0895172,55.51395904,72.57555812,0.433399706,43.33997057,56.66002943
CT,Connecticut,baseline,0.497982436,Sustainable,13,0.76,Top Quartile,0.694859038,115.0666137,165.5970598,63.32028152,118.8342406,55.51395904,0.467154574,4.25,Typical OP PT clinic throughput baseline,103.689,114.6064101,55.51395904,59.09245105,0.484387906,48.43879064,51.56120936
CT,Connecticut,conservative,0.379838569,Sustainable,14,0.74,Upper-Mid Quartile,0.694859038,115.0666137,165.5970598,49.33978263,104.8537417,55.51395904,0.529441851,3.75,"Lower throughput: higher complexity/documentation, longer transitions",103.689,101.123303,55.51395904,45.60934398,0.548972961,54.89729606,45.10270394
DC,District of Columbia,high,0.703389295,Sustainable,2,0.98,Top Quartile,1.204081633,86.43941403,71.78866589,88.46247863,140.2517022,51.78922354,0.369259144,4.75,"High throughput: efficient ops, shorter transitions",110.804,126.5763891,51.78922354,74.78716555,0.409153902,40.91539023,59.08460977
DC,District of Columbia,conservative,0.470411128,Sustainable,2,0.98,Top Quartile,1.204081633,86.43941403,71.78866589,58.93580449,110.725028,51.78922354,0.46772825,3.75,"Lower throughput: higher complexity/documentation, longer transitions",110.804,99.92872823,51.78922354,48.13950469,0.51826161,51.82616096,48.17383904
DC,District of Columbia,baseline,0.589796362,Sustainable,2,0.98,Top Quartile,1.204081633,86.43941403,71.78866589,73.69914156,125.4883651,51.78922354,0.412701397,4.25,Typical OP PT clinic throughput baseline,110.804,113.2525587,51.78922354,61.46333512,0.457289656,45.72896556,54.27103444
DE,Delaware,high,0.510743831,Sustainable,31,0.4,Lower-Mid Quartile,1.141509434,116.8682402,102.3804419,65.64970682,124.0133031,58.36359626,0.470623674,4.75,"High throughput: efficient ops, shorter transitions",99.253,124.9466546,58.36359626,66.58305833,0.467108115,46.71081147,53.28918853
DE,Delaware,baseline,0.401825233,Sustainable,31,0.4,Lower-Mid Quartile,1.141509434,116.8682402,102.3804419,52.59567492,110.9592712,58.36359626,0.525991165,4.25,Typical OP PT clinic throughput baseline,99.253,111.7943752,58.36359626,53.4307789,0.522062011,52.20620105,47.79379895
DE,Delaware,conservative,0.285524303,Sustainable,31,0.4,Lower-Mid Quartile,1.141509434,116.8682402,102.3804419,39.54164301,97.90523927,58.36359626,0.59612332,3.75,"Lower throughput: higher complexity/documentation, longer transitions",99.253,98.64209573,58.36359626,40.27849947,0.591670279,59.16702786,40.83297214
FL,Florida,high,0.563134772,Sustainable,20,0.62,Upper-Mid Quartile,1.27541312,111.0808344,87.09400326,70.03699005,120.8462863,50.80929627,0.420445657,4.75,"High throughput: efficient ops, shorter transitions",103.452,116.8138715,50.80929627,66.00457521,0.434959441,43.49594412,56.50405588
FL,Florida,baseline,0.459242375,Sustainable,19,0.64,Upper-Mid Quartile,1.27541312,111.0808344,87.09400326,57.31632834,108.1256246,50.80929627,0.469909852,4.25,Typical OP PT clinic throughput baseline,103.452,104.5176745,50.80929627,53.70837821,0.48613114,48.61311402,51.38688598
FL,Florida,conservative,0.348754752,Sustainable,19,0.64,Upper-Mid Quartile,1.27541312,111.0808344,87.09400326,44.59566662,95.40496288,50.80929627,0.532564499,3.75,"Lower throughput: higher complexity/documentation, longer transitions",103.452,92.22147748,50.80929627,41.41218122,0.550948626,55.09486256,44.90513744
GA,Georgia,baseline,0.397470115,Sustainable,32,0.38,Lower-Mid Quartile,1.236781609,97.25525953,78.63575817,51.80565037,109.0344112,57.22876082,0.524868802,4.25,Typical OP PT clinic throughput baseline,96.699,112.7565034,57.22876082,55.52774254,0.507542883,50.75428832,49.24571168
GA,Georgia,conservative,0.282653227,Sustainable,33,0.36,Lower-Mid Quartile,1.236781609,97.25525953,78.63575817,38.97807258,96.2068334,57.22876082,0.594851309,3.75,"Lower throughput: higher complexity/documentation, longer transitions",96.699,99.49103238,57.22876082,42.26227156,0.575215268,57.52152677,42.47847323
GA,Georgia,high,0.504920423,Sustainable,32,0.38,Lower-Mid Quartile,1.236781609,97.25525953,78.63575817,64.63322815,121.861989,57.22876082,0.469619455,4.75,"High throughput: efficient ops, shorter transitions",96.699,126.0219743,57.22876082,68.79321353,0.454117317,45.41173166,54.58826834
HI,Hawaii,baseline,0.516530356,Sustainable,9,0.84,Top Quartile,3.914285714,95.47370989,24.39109377,64.76183035,117.3221913,52.56036098,0.448000164,4.25,Typical OP PT clinic throughput baseline,108.609,108.0225316,52.56036098,55.46217061,0.486568498,48.65684983,51.34315017
HI,Hawaii,conservative,0.400770443,Sustainable,9,0.84,Top Quartile,3.914285714,95.47370989,24.39109377,50.95921961,103.5195806,52.56036098,0.507733519,3.75,"Lower throughput: higher complexity/documentation, longer transitions",108.609,95.31399846,52.56036098,42.75363748,0.551444298,55.14442981,44.85557019
HI,Hawaii,high,0.626002548,Sustainable,9,0.84,Top Quartile,3.914285714,95.47370989,24.39109377,78.5644411,131.1248021,52.56036098,0.400842252,4.75,"High throughput: efficient ops, shorter transitions",108.609,120.7310647,52.56036098,68.17070374,0.435350762,43.53507616,56.46492384
IA,Iowa,baseline,0.405744956,Sustainable,30,0.42,Lower-Mid Quartile,0.951289398,103.2743249,108.5624681,52.79556549,110.1375069,57.34194144,0.520639544,4.25,Typical OP PT clinic throughput baseline,88.767,124.0748329,57.34194144,66.73289147,0.462156104,46.21561045,53.78438955
IA,Iowa,conservative,0.290402426,Sustainable,30,0.42,Lower-Mid Quartile,0.951289398,103.2743249,108.5624681,39.83821173,97.18015317,57.34194144,0.59005815,3.75,"Lower throughput: higher complexity/documentation, longer transitions",88.767,109.4777937,57.34194144,52.1358523,0.523776918,52.37769184,47.62230816
IA,Iowa,high,0.513780264,Sustainable,28,0.46,Lower-Mid Quartile,0.951289398,103.2743249,108.5624681,65.75291924,123.0948607,57.34194144,0.465835382,4.75,"High throughput: efficient ops, shorter transitions",88.767,138.6718721,57.34194144,81.32993063,0.413508093,41.35080935,58.64919065
ID,Idaho,high,0.458413475,Sustainable,41,0.2,Bottom Quartile,0.827004219,99.46729175,120.2742252,58.66875371,114.676969,56.00821528,0.488399857,4.75,"High throughput: efficient ops, shorter transitions",91.425,125.4328346,56.00821528,69.42461927,0.446519569,44.65195694,55.34804306
ID,Idaho,conservative,0.243055312,At Risk,40,0.22,Bottom Quartile,0.827004219,99.46729175,120.2742252,34.52623392,90.5344492,56.00821528,0.618639819,3.75,"Lower throughput: higher complexity/documentation, longer transitions",91.425,99.02592201,56.00821528,43.01770674,0.565591455,56.55914546,43.44085454
ID,Idaho,baseline,0.354564981,Sustainable,40,0.22,Bottom Quartile,0.827004219,99.46729175,120.2742252,46.59749382,102.6057091,56.00821528,0.545858664,4.25,Typical OP PT clinic throughput baseline,91.425,112.2293783,56.00821528,56.22116301,0.499051283,49.90512835,50.09487165
IL,Illinois,conservative,0.308190772,Sustainable,24,0.54,Upper-Mid Quartile,0.961788032,105.5932023,109.7884344,42.07503052,100.735272,58.6602415,0.582320773,3.75,"Lower throughput: higher complexity/documentation, longer transitions",98.855,101.9020505,58.6602415,43.241809,0.5756532,57.56532004,42.43467996
IL,Illinois,baseline,0.426027948,Sustainable,24,0.54,Upper-Mid Quartile,0.961788032,105.5932023,109.7884344,55.50640013,114.1666416,58.6602415,0.513812447,4.25,Typical OP PT clinic throughput baseline,98.855,115.4889906,58.6602415,56.82874907,0.507929294,50.79292945,49.20707055
IL,Illinois,high,0.536653722,Sustainable,24,0.54,Upper-Mid Quartile,0.961788032,105.5932023,109.7884344,68.93776973,127.5980112,58.6602415,0.459726926,4.75,"High throughput: efficient ops, shorter transitions",98.855,129.0759306,58.6602415,70.41568913,0.454463053,45.44630529,54.55369471
IN,Indiana,high,0.479737098,Sustainable,37,0.28,Lower-Mid Quartile,1.145015106,110.1524361,96.20173183,61.80844665,119.9765742,58.16812758,0.484829042,4.75,"High throughput: efficient ops, shorter transitions",92.184,130.1490218,58.16812758,71.98089419,0.446934804,44.69348043,55.30651957
IN,Indiana,baseline,0.372627148,Sustainable,37,0.28,Lower-Mid Quartile,1.145015106,110.1524361,96.20173183,49.17933357,107.3474612,58.16812758,0.541867753,4.25,Typical OP PT clinic throughput baseline,92.184,116.4491247,58.16812758,58.28099716,0.49951537,49.95153696,50.04846304
IN,Indiana,conservative,0.257912037,At Risk,37,0.28,Lower-Mid Quartile,1.145015106,110.1524361,96.20173183,36.5502205,94.71834808,58.16812758,0.614116787,3.75,"Lower throughput: higher complexity/documentation, longer transitions",92.184,102.7492277,58.16812758,44.58110013,0.566117419,56.61174188,43.38825812
KS,Kansas,conservative,0.25942502,At Risk,36,0.3,Lower-Mid Quartile,0.924924925,104.4156638,112.8909612,36.62340271,94.39061267,57.76720995,0.612001642,3.75,"Lower throughput: higher complexity/documentation, longer transitions",89.965,104.9192605,57.76720995,47.1520505,0.550587277,55.05872773,44.94127227
KS,Kansas,baseline,0.373743779,Sustainable,36,0.3,Lower-Mid Quartile,0.924924925,104.4156638,112.8909612,49.20881774,106.9760277,57.76720995,0.540001449,4.25,Typical OP PT clinic throughput baseline,89.965,118.9084952,57.76720995,61.14128523,0.485812304,48.58123035,51.41876965
KS,Kansas,high,0.480483571,Sustainable,36,0.3,Lower-Mid Quartile,0.924924925,104.4156638,112.8909612,61.79423276,119.5614427,57.76720995,0.483159191,4.75,"High throughput: efficient ops, shorter transitions",89.965,132.8977299,57.76720995,75.13051995,0.434674166,43.46741663,56.53258337
KY,Kentucky,conservative,0.284308536,Sustainable,32,0.38,Lower-Mid Quartile,1.352941176,121.3199345,89.67125594,38.30434951,91.89123589,53.58688639,0.583155574,3.75,"Lower throughput: higher complexity/documentation, longer transitions",90.468,101.5731926,53.58688639,47.98630623,0.527569184,52.75691844,47.24308156
KY,Kentucky,baseline,0.394856662,Sustainable,33,0.36,Lower-Mid Quartile,1.352941176,121.3199345,89.67125594,50.55651429,104.1434007,53.58688639,0.514549036,4.25,Typical OP PT clinic throughput baseline,90.468,115.116285,53.58688639,61.52939858,0.465502222,46.55022215,53.44977785
KY,Kentucky,high,0.498183047,Sustainable,33,0.36,Lower-Mid Quartile,1.352941176,121.3199345,89.67125594,62.80867908,116.3955655,53.58688639,0.460385979,4.75,"High throughput: efficient ops, shorter transitions",90.468,128.6593773,53.58688639,75.07249093,0.416501988,41.65019877,58.34980123
LA,Louisiana,high,0.375157031,Sustainable,49,0.04,Bottom Quartile,1.220338983,109.5943552,89.80648551,50.23079116,111.5977836,61.36699244,0.549894366,4.75,"High throughput: efficient ops, shorter transitions",88.345,126.3204297,61.36699244,64.95343724,0.485804177,48.58041775,51.41958225
LA,Louisiana,conservative,0.155633638,At Risk,50,0.02,Bottom Quartile,1.220338983,109.5943552,89.80648551,26.73652093,88.10351337,61.36699244,0.696532863,3.75,"Lower throughput: higher complexity/documentation, longer transitions",88.345,99.72665501,61.36699244,38.35966257,0.615351958,61.53519582,38.46480418
LA,Louisiana,baseline,0.269708232,At Risk,50,0.02,Bottom Quartile,1.220338983,109.5943552,89.80648551,38.48365604,99.85064848,61.36699244,0.614587821,4.25,Typical OP PT clinic throughput baseline,88.345,113.0235423,61.36699244,51.6565499,0.54295761,54.29576101,45.70423899
MA,Massachusetts,conservative,0.443981015,Sustainable,3,0.96,Top Quartile,0.862179487,114.0881312,132.3252674,55.57501204,106.6208255,51.04581344,0.478760254,3.75,"Lower throughput: higher complexity/documentation, longer transitions",108.238,98.50590872,51.04581344,47.46009528,0.518200523,51.82005232,48.17994768
MA,Massachusetts,high,0.671309691,Sustainable,3,0.96,Top Quartile,0.862179487,114.0881312,132.3252674,84.00723217,135.0530456,51.04581344,0.377968621,4.75,"High throughput: efficient ops, shorter transitions",108.238,124.774151,51.04581344,73.7283376,0.409105676,40.91056762,59.08943238
MA,Massachusetts,baseline,0.560609812,Sustainable,3,0.96,Top Quartile,0.862179487,114.0881312,132.3252674,69.7911221,120.8369355,51.04581344,0.422435518,4.25,Typical OP PT clinic throughput baseline,108.238,111.6400299,51.04581344,60.59421644,0.457235756,45.72357558,54.27642442
MD,Maryland,high,0.587679074,Sustainable,17,0.68,Upper-Mid Quartile,0.979591837,108.3010324,110.5573039,74.70913422,130.9552266,56.24609243,0.429506281,4.75,"High throughput: efficient ops, shorter transitions",103.965,125.9608778,56.24609243,69.71478541,0.446536206,44.65362055,55.34637945
MD,Maryland,conservative,0.358847258,Sustainable,17,0.68,Upper-Mid Quartile,0.979591837,108.3010324,110.5573039,47.13961282,103.3857052,56.24609243,0.54404129,3.75,"Lower throughput: higher complexity/documentation, longer transitions",103.965,99.4427983,56.24609243,43.19670586,0.565612527,56.5612527,43.4387473
MD,Maryland,baseline,0.476631843,Sustainable,17,0.68,Upper-Mid Quartile,0.979591837,108.3010324,110.5573039,60.92437352,117.1704659,56.24609243,0.480036432,4.25,Typical OP PT clinic throughput baseline,103.965,112.7018381,56.24609243,56.45574564,0.499069877,49.90698767,50.09301233
ME,Maine,high,0.574888586,Sustainable,18,0.66,Upper-Mid Quartile,0.710743802,122.6825831,172.6115413,71.97548834,124.3238388,52.3483505,0.421064463,4.75,"High throughput: efficient ops, shorter transitions",97.097,128.0408652,52.3483505,75.69251466,0.408840962,40.88409621,59.11590379
ME,Maine,conservative,0.355870121,Sustainable,18,0.66,Upper-Mid Quartile,0.710743802,122.6825831,172.6115413,45.80204859,98.15039909,52.3483505,0.53334832,3.75,"Lower throughput: higher complexity/documentation, longer transitions",97.097,101.0848935,52.3483505,48.73654305,0.517865219,51.78652187,48.21347813
ME,Maine,baseline,0.46868182,Sustainable,18,0.66,Upper-Mid Quartile,0.710743802,122.6825831,172.6115413,58.88876846,111.237119,52.3483505,0.470601459,4.25,Typical OP PT clinic throughput baseline,97.097,114.5628794,52.3483505,62.21452885,0.456939899,45.69398988,54.30601012
MI,Michigan,baseline,0.405980248,Sustainable,28,0.46,Lower-Mid Quartile,0.930921053,112.5010982,120.8492362,52.52096429,108.6830929,56.16212858,0.516751291,4.25,Typical OP PT clinic throughput baseline,94.184,115.3944331,56.16212858,59.23230452,0.486697036,48.66970362,51.33029638
MI,Michigan,conservative,0.291961732,Sustainable,28,0.46,Lower-Mid Quartile,0.930921053,112.5010982,120.8492362,39.73471807,95.89684665,56.16212858,0.585651463,3.75,"Lower throughput: higher complexity/documentation, longer transitions",94.184,101.8186174,56.16212858,45.65648886,0.551589974,55.15899743,44.84100257
MI,Michigan,high,0.512746114,Sustainable,30,0.42,Lower-Mid Quartile,0.930921053,112.5010982,120.8492362,65.30721051,121.4693391,56.16212858,0.462356418,4.75,"High throughput: efficient ops, shorter transitions",94.184,128.9702488,56.16212858,72.80812018,0.435465769,43.54657692,56.45342308
MN,Minnesota,conservative,0.390649238,Sustainable,10,0.82,Top Quartile,0.958397535,108.1175415,112.8107467,50.47331615,105.5768979,55.10358177,0.521928403,3.75,"Lower throughput: higher complexity/documentation, longer transitions",98.417,107.2750622,55.10358177,52.17148039,0.513666277,51.36662768,48.63337232
MN,Minnesota,high,0.620789575,Sustainable,10,0.82,Top Quartile,0.958397535,108.1175415,112.8107467,78.6271556,133.7307374,55.10358177,0.41204874,4.75,"High throughput: efficient ops, shorter transitions",98.417,135.8817454,55.10358177,80.77816363,0.405526008,40.5526008,59.4473992
MN,Minnesota,baseline,0.508951161,Sustainable,10,0.82,Top Quartile,0.958397535,108.1175415,112.8107467,64.55023588,119.6538176,55.10358177,0.460525062,4.25,Typical OP PT clinic throughput baseline,98.417,121.5784038,55.10358177,66.47482201,0.45323495,45.32349501,54.67650499
MO,Missouri,baseline,0.392650895,Sustainable,34,0.34,Lower-Mid Quartile,1.07239819,114.5673608,106.8328554,50.67014511,105.6452961,54.97515102,0.520374811,4.25,Typical OP PT clinic throughput baseline,91.762,115.1296791,54.97515102,60.15452808,0.477506334,47.75063342,52.24936658
MO,Missouri,conservative,0.280614825,Sustainable,34,0.34,Lower-Mid Quartile,1.07239819,114.5673608,106.8328554,38.24128674,93.21643776,54.97515102,0.589758119,3.75,"Lower throughput: higher complexity/documentation, longer transitions",91.762,101.585011,54.97515102,46.60985995,0.541173845,54.11738454,45.88261546
MO,Missouri,high,0.497383459,Sustainable,34,0.34,Lower-Mid Quartile,1.07239819,114.5673608,106.8328554,63.09900348,118.0741545,54.97515102,0.465598515,4.75,"High throughput: efficient ops, shorter transitions",91.762,128.6743472,54.97515102,73.6991962,0.42724251,42.72425095,57.27574905
MS,Mississippi,conservative,0.157170928,At Risk,49,0.04,Bottom Quartile,1.356223176,107.3927687,79.18517436,26.73192433,87.18857799,60.45665366,0.693401075,3.75,"Lower throughput: higher complexity/documentation, longer transitions",87.292,99.88152178,60.45665366,39.42486811,0.605283666,60.5283666,39.4716334
MS,Mississippi,baseline,0.27030215,At Risk,49,0.04,Bottom Quartile,1.356223176,107.3927687,79.18517436,38.35706806,98.81372172,60.45665366,0.611824478,4.25,Typical OP PT clinic throughput baseline,87.292,113.199058,60.45665366,52.74240435,0.534073823,53.40738229,46.59261771
MS,Mississippi,high,0.374846362,Sustainable,50,0.02,Bottom Quartile,1.356223176,107.3927687,79.18517436,49.98221179,110.4388655,60.45665366,0.547421901,4.75,"High throughput: efficient ops, shorter transitions",87.292,126.5165943,60.45665366,66.05994059,0.477855526,47.78555258,52.21444742
MT,Montana,conservative,0.385328542,Sustainable,11,0.8,Top Quartile,0.674033149,107.9061606,160.0902874,49.18100321,101.7157259,52.53472264,0.516485747,3.75,"Lower throughput: higher complexity/documentation, longer transitions",90.244,112.7118987,52.53472264,60.17717605,0.466097397,46.60973974,53.39026026
MT,Montana,high,0.608488511,Sustainable,13,0.76,Top Quartile,0.674033149,107.9061606,160.0902874,76.30519678,128.8399194,52.53472264,0.407751905,4.75,"High throughput: efficient ops, shorter transitions",90.244,142.768405,52.53472264,90.23368237,0.36797163,36.79716295,63.20283705
MT,Montana,baseline,0.500106581,Sustainable,11,0.8,Top Quartile,0.674033149,107.9061606,160.0902874,62.74309999,115.2778226,52.53472264,0.455722718,4.25,Typical OP PT clinic throughput baseline,90.244,127.7401518,52.53472264,75.20542921,0.411262409,41.12624095,58.87375905
NC,North Carolina,high,0.523040269,Sustainable,26,0.5,Upper-Mid Quartile,1.018935978,103.9381618,102.0065676,66.53611329,122.5484877,56.01237445,0.457062959,4.75,"High throughput: efficient ops, shorter transitions",94.139,130.178234,56.01237445,74.16585959,0.430274499,43.02744991,56.97255009
NC,North Carolina,baseline,0.415878887,Sustainable,26,0.5,Upper-Mid Quartile,1.018935978,103.9381618,102.0065676,53.63627248,109.6486469,56.01237445,0.510835072,4.25,Typical OP PT clinic throughput baseline,94.139,116.475262,56.01237445,60.46288759,0.480895028,48.08950284,51.91049716
NC,North Carolina,conservative,0.30154789,Sustainable,26,0.5,Upper-Mid Quartile,1.018935978,103.9381618,102.0065676,40.73643166,96.74880611,56.01237445,0.578946415,3.75,"Lower throughput: higher complexity/documentation, longer transitions",94.139,102.77229,56.01237445,46.75991558,0.545014366,54.50143656,45.49856344
ND,North Dakota,conservative,0.333413434,Sustainable,21,0.6,Upper-Mid Quartile,0.783018868,105.4542729,134.6765413,44.06600377,99.3943815,55.32837773,0.556654983,3.75,"Lower throughput: higher complexity/documentation, longer transitions",88.572,112.218739,55.32837773,56.89036127,0.493040451,49.30404514,50.69595486
ND,North Dakota,high,0.55694957,Sustainable,21,0.6,Upper-Mid Quartile,0.783018868,105.4542729,134.6765413,70.57117217,125.8995499,55.32837773,0.43946446,4.75,"High throughput: efficient ops, shorter transitions",88.572,142.1437361,55.32837773,86.81535833,0.389242462,38.92424616,61.07575384
ND,North Dakota,baseline,0.448628282,Sustainable,21,0.6,Upper-Mid Quartile,0.783018868,105.4542729,134.6765413,57.31858797,112.6469657,55.32837773,0.491166161,4.25,Typical OP PT clinic throughput baseline,88.572,127.1812375,55.32837773,71.8528598,0.435035692,43.50356924,56.49643076
NE,Nebraska,baseline,0.357717503,Sustainable,38,0.26,Lower-Mid Quartile,0.863247863,101.6008675,117.6960545,46.8806124,102.6007507,55.72013832,0.543077297,4.25,Typical OP PT clinic throughput baseline,90.376,113.5265455,55.72013832,57.80640714,0.490811537,49.08115375,50.91884625
NE,Nebraska,conservative,0.246396889,At Risk,38,0.26,Lower-Mid Quartile,0.863247863,101.6008675,117.6960545,34.80993584,90.53007417,55.72013832,0.615487603,3.75,"Lower throughput: higher complexity/documentation, longer transitions",90.376,100.1704813,55.72013832,44.45034296,0.556253076,55.62530758,44.37469242
NE,Nebraska,high,0.46141598,Sustainable,38,0.26,Lower-Mid Quartile,0.863247863,101.6008675,117.6960545,58.95128896,114.6714273,55.72013832,0.485911265,4.75,"High throughput: efficient ops, shorter transitions",90.376,126.8826096,55.72013832,71.16247131,0.439147165,43.91471651,56.08528349
NH,New Hampshire,high,0.628582763,Sustainable,7,0.88,Top Quartile,1.25,114.1609527,91.32876214,78.1549332,128.2458547,50.0909215,0.390585112,4.75,"High throughput: efficient ops, shorter transitions",105.345,121.73891,50.0909215,71.64798846,0.411461886,41.1461886,58.8538114
NH,New Hampshire,baseline,0.521599785,Sustainable,7,0.88,Top Quartile,1.25,114.1609527,91.32876214,64.65536955,114.746291,50.0909215,0.436536301,4.25,Typical OP PT clinic throughput baseline,105.345,108.9242879,50.0909215,58.83336636,0.459869167,45.98691667,54.01308333
NH,New Hampshire,conservative,0.408489982,Sustainable,7,0.88,Top Quartile,1.25,114.1609527,91.32876214,51.1558059,101.2467274,50.0909215,0.494741142,3.75,"Lower throughput: higher complexity/documentation, longer transitions",105.345,96.10966576,50.0909215,46.01874426,0.521185056,52.11850556,47.88149444
NJ,New Jersey,conservative,0.371321489,Sustainable,15,0.72,Upper-Mid Quartile,0.744536549,105.1587946,141.2406077,48.3955709,104.0148502,55.61927932,0.534724409,3.75,"Lower throughput: higher complexity/documentation, longer transitions",108.883,95.52900841,55.61927932,39.90972909,0.582223978,58.22239783,41.77760217
NJ,New Jersey,baseline,0.489080041,Sustainable,15,0.72,Upper-Mid Quartile,0.744536549,105.1587946,141.2406077,62.2642176,117.8834969,55.61927932,0.471815655,4.25,Typical OP PT clinic throughput baseline,108.883,108.2662095,55.61927932,52.64693021,0.51372704,51.37270397,48.62729603
NJ,New Jersey,high,0.60021662,Sustainable,15,0.72,Upper-Mid Quartile,0.744536549,105.1587946,141.2406077,76.1328643,131.7521436,55.61927932,0.422150849,4.75,"High throughput: efficient ops, shorter transitions",108.883,121.0034107,55.61927932,65.38413133,0.459650509,45.96505092,54.03494908
NM,New Mexico,baseline,0.33506617,Sustainable,44,0.14,Bottom Quartile,1.747826087,94.84044393,54.26194553,45.42135132,105.6846502,60.26329889,0.570218085,4.25,Typical OP PT clinic throughput baseline,90.386,116.9259069,60.26329889,56.66260801,0.515397319,51.53973186,48.46026814
NM,New Mexico,conservative,0.219678404,At Risk,44,0.14,Bottom Quartile,1.747826087,94.84044393,54.26194553,32.98786306,93.25116195,60.26329889,0.646247163,3.75,"Lower throughput: higher complexity/documentation, longer transitions",90.386,103.1699179,60.26329889,42.90661897,0.584116961,58.41169611,41.58830389
NM,New Mexico,high,0.442450876,Sustainable,45,0.12,Bottom Quartile,1.747826087,94.84044393,54.26194553,57.85483958,118.1181385,60.26329889,0.510195129,4.75,"High throughput: efficient ops, shorter transitions",90.386,130.681896,60.26329889,70.41859706,0.461144969,46.11449693,53.88550307
NV,Nevada,high,0.445723645,Sustainable,44,0.14,Bottom Quartile,1.219008264,91.86948803,75.36412238,59.07298415,122.7645029,63.69151872,0.518810546,4.75,"High throughput: efficient ops, shorter transitions",96.98,126.5874437,63.69151872,62.89592495,0.503142467,50.31424672,49.68575328
NV,Nevada,baseline,0.334788552,Sustainable,45,0.12,Bottom Quartile,1.219008264,91.86948803,75.36412238,46.1504049,109.8419236,63.69151872,0.57984708,4.25,Typical OP PT clinic throughput baseline,96.98,113.2624496,63.69151872,49.57093088,0.562335699,56.23356986,43.76643014
NV,Nevada,conservative,0.215715254,At Risk,45,0.12,Bottom Quartile,1.219008264,91.86948803,75.36412238,33.22782565,96.91934437,63.69151872,0.657160024,3.75,"Lower throughput: higher complexity/documentation, longer transitions",96.98,99.93745553,63.69151872,36.24593681,0.637313792,63.73137917,36.26862083
NY,New York,baseline,0.556001691,Sustainable,4,0.94,Top Quartile,0.781309843,103.1003748,131.9583719,69.46993029,121.3775546,51.90762433,0.427654227,4.25,Typical OP PT clinic throughput baseline,107.626,112.7771678,51.90762433,60.86954347,0.460267139,46.02671387,53.97328613
NY,New York,high,0.667372033,Sustainable,4,0.94,Top Quartile,0.781309843,103.1003748,131.9583719,83.74964259,135.6572669,51.90762433,0.382637993,4.75,"High throughput: efficient ops, shorter transitions",107.626,126.0450699,51.90762433,74.13744556,0.411817966,41.18179662,58.81820338
NY,New York,conservative,0.438629184,Sustainable,4,0.94,Top Quartile,0.781309843,103.1003748,131.9583719,55.19021798,107.0978423,51.90762433,0.484674791,3.75,"Lower throughput: higher complexity/documentation, longer transitions",107.626,99.5092657,51.90762433,47.60164138,0.52163609,52.16360905,47.83639095
OH,Ohio,high,0.457542653,Sustainable,42,0.18,Bottom Quartile,1.12,116.1885744,103.7397986,59.36588938,118.4517612,59.08587186,0.49881801,4.75,"High throughput: efficient ops, shorter transitions",91.812,129.0155549,59.08587186,69.92968301,0.457974792,45.79747916,54.20252084
OH,Ohio,baseline,0.350608651,Sustainable,42,0.18,Bottom Quartile,1.12,116.1885744,103.7397986,46.89728293,105.9831548,59.08587186,0.557502482,4.25,Typical OP PT clinic throughput baseline,91.812,115.4349702,59.08587186,56.34909829,0.511854179,51.18541789,48.81458211
OH,Ohio,conservative,0.235850052,At Risk,41,0.2,Bottom Quartile,1.12,116.1885744,103.7397986,34.42867649,93.51454835,59.08587186,0.631836146,3.75,"Lower throughput: higher complexity/documentation, longer transitions",91.812,101.8543854,59.08587186,42.76851357,0.580101403,58.01014027,41.98985973
OK,Oklahoma,high,0.413277547,Sustainable,47,0.08,Bottom Quartile,1.42,104.8559634,73.84222771,54.31634641,114.2304202,59.91407379,0.524501912,4.75,"High throughput: efficient ops, shorter transitions",88.286,129.3867886,59.91407379,69.47271482,0.463061758,46.30617579,53.69382421
OK,Oklahoma,baseline,0.307597914,Sustainable,47,0.08,Bottom Quartile,1.42,104.8559634,73.84222771,42.29209165,102.2061654,59.91407379,0.586208019,4.25,Typical OP PT clinic throughput baseline,88.286,115.7671267,59.91407379,55.85305286,0.517539612,51.75396118,48.24603882
OK,Oklahoma,conservative,0.1936908,At Risk,47,0.08,Bottom Quartile,1.42,104.8559634,73.84222771,30.26783689,90.18191068,59.91407379,0.664369088,3.75,"Lower throughput: higher complexity/documentation, longer transitions",88.286,102.1474647,59.91407379,42.23339091,0.586544893,58.65448934,41.34551066
OR,Oregon,conservative,0.38427502,Sustainable,12,0.78,Top Quartile,0.951710262,111.2838533,116.9303914,49.20869161,102.2916591,53.08296753,0.518937399,3.75,"Lower throughput: higher complexity/documentation, longer transitions",104.721,97.68017794,53.08296753,44.59721041,0.543436434,54.34364336,45.65635664
OR,Oregon,baseline,0.499675142,Sustainable,12,0.78,Top Quartile,0.951710262,111.2838533,116.9303914,62.84757949,115.930547,53.08296753,0.45788594,4.25,Typical OP PT clinic throughput baseline,104.721,110.7042017,53.08296753,57.62123413,0.479502735,47.95027355,52.04972645
OR,Oregon,high,0.608648796,Sustainable,12,0.78,Top Quartile,0.951710262,111.2838533,116.9303914,76.48646738,129.5694349,53.08296753,0.40968742,4.75,"High throughput: efficient ops, shorter transitions",104.721,123.7282254,53.08296753,70.64525786,0.429028763,42.90287633,57.09712367
PA,Pennsylvania,conservative,0.291858137,Sustainable,29,0.44,Lower-Mid Quartile,0.934124629,120.9893826,129.5216707,39.74463489,95.99737774,56.25274285,0.585982078,3.75,"Lower throughput: higher complexity/documentation, longer transitions",97.5,98.45884896,56.25274285,42.20610611,0.571332526,57.13325257,42.86674743
PA,Pennsylvania,baseline,0.405979514,Sustainable,29,0.44,Lower-Mid Quartile,0.934124629,120.9893826,129.5216707,52.54428525,108.7970281,56.25274285,0.51704301,4.25,Typical OP PT clinic throughput baseline,97.5,111.5866955,56.25274285,55.33395264,0.504116934,50.41169344,49.58830656
PA,Pennsylvania,high,0.512844147,Sustainable,29,0.44,Lower-Mid Quartile,0.934124629,120.9893826,129.5216707,65.34393561,121.5966785,56.25274285,0.46261743,4.75,"High throughput: efficient ops, shorter transitions",97.5,124.714542,56.25274285,68.46179916,0.451051994,45.10519939,54.89480061
RI,Rhode Island,baseline,0.519404184,Sustainable,8,0.86,Top Quartile,1.06557377,118.0548556,110.7899414,64.95268966,116.9534687,52.00077905,0.444627933,4.25,Typical OP PT clinic throughput baseline,101.412,115.3250786,52.00077905,63.32429955,0.450906079,45.09060794,54.90939206
RI,Rhode Island,conservative,0.404139033,Sustainable,8,0.86,Top Quartile,1.06557377,118.0548556,110.7899414,51.19345805,103.1942371,52.00077905,0.503911657,3.75,"Lower throughput: higher complexity/documentation, longer transitions",101.412,101.7574223,52.00077905,49.75664325,0.51102689,51.102689,48.897311
RI,Rhode Island,high,0.628428943,Sustainable,8,0.86,Top Quartile,1.06557377,118.0548556,110.7899414,78.71192127,130.7127003,52.00077905,0.397824993,4.75,"High throughput: efficient ops, shorter transitions",101.412,128.8927349,52.00077905,76.89195586,0.403442282,40.34422816,59.65577184
SC,South Carolina,baseline,0.382026556,Sustainable,35,0.32,Lower-Mid Quartile,1.071969697,104.9937319,97.94468277,49.73309672,105.8063291,56.07323242,0.529961042,4.25,Typical OP PT clinic throughput baseline,93.177,113.5541272,56.07323242,57.48089483,0.4938018,49.38017999,50.61982001
SC,South Carolina,conservative,0.269233509,At Risk,35,0.32,Lower-Mid Quartile,1.071969697,104.9937319,97.94468277,37.2852933,93.35852571,56.07323242,0.600622514,3.75,"Lower throughput: higher complexity/documentation, longer transitions",93.177,100.1948182,56.07323242,44.12158574,0.55964204,55.96420399,44.03579601
SC,South Carolina,high,0.487381552,Sustainable,35,0.32,Lower-Mid Quartile,1.071969697,104.9937319,97.94468277,62.18090015,118.2541326,56.07323242,0.474175669,4.75,"High throughput: efficient ops, shorter transitions",93.177,126.9134363,56.07323242,70.84020391,0.441822663,44.18226631,55.81773369
SD,South Dakota,conservative,0.301237033,Sustainable,27,0.48,Lower-Mid Quartile,1.333333333,104.604904,78.45367801,40.70402444,96.72200328,56.01797884,0.579164791,3.75,"Lower throughput: higher complexity/documentation, longer transitions",88.095,109.792841,56.01797884,53.77486216,0.510215223,51.02152229,48.97847771
SD,South Dakota,baseline,0.415558636,Sustainable,27,0.48,Lower-Mid Quartile,1.333333333,104.604904,78.45367801,53.60029154,109.6182704,56.01797884,0.511027757,4.25,Typical OP PT clinic throughput baseline,88.095,124.4318865,56.01797884,68.41390762,0.450189903,45.01899026,54.98100974
SD,South Dakota,high,0.52270792,Sustainable,27,0.48,Lower-Mid Quartile,1.333333333,104.604904,78.45367801,66.49655864,122.5145375,56.01797884,0.457235362,4.75,"High throughput: efficient ops, shorter transitions",88.095,139.0709319,56.01797884,83.05295309,0.402801492,40.28014918,59.71985082
TN,Tennessee,high,0.446794819,Sustainable,43,0.16,Bottom Quartile,1.086280057,107.3671028,98.83924698,57.7426627,115.5109911,57.76832837,0.500111096,4.75,"High throughput: efficient ops, shorter transitions",92.515,124.8565001,57.76832837,67.08817173,0.462677781,46.26777807,53.73222193
TN,Tennessee,conservative,0.228782506,At Risk,43,0.16,Bottom Quartile,1.086280057,107.3671028,98.83924698,33.42455932,91.19288769,57.76832837,0.633474055,3.75,"Lower throughput: higher complexity/documentation, longer transitions",92.515,98.57092113,57.76832837,40.80259276,0.586058522,58.60585222,41.39414778
TN,Tennessee,baseline,0.341711102,Sustainable,43,0.16,Bottom Quartile,1.086280057,107.3671028,98.83924698,45.58361101,103.3519394,57.76832837,0.558947696,4.25,Typical OP PT clinic throughput baseline,92.515,111.7137106,57.76832837,53.94538225,0.517110461,51.71104607,48.28895393
TX,Texas,conservative,0.234456562,At Risk,42,0.18,Bottom Quartile,1.12390925,83.85622213,74.61120385,34.66854111,95.66597956,60.99743845,0.637608466,3.75,"Lower throughput: higher complexity/documentation, longer transitions",97.175,98.44711043,60.99743845,37.44967198,0.619596027,61.95960266,38.04039734
TX,Texas,baseline,0.351339815,Sustainable,41,0.2,Bottom Quartile,1.12390925,83.85622213,74.61120385,47.42400505,108.4214435,60.99743845,0.562595705,4.25,Typical OP PT clinic throughput baseline,97.175,111.5733918,60.99743845,50.57595337,0.546702376,54.67023764,45.32976236
TX,Texas,high,0.460326988,Sustainable,40,0.22,Bottom Quartile,1.12390925,83.85622213,74.61120385,60.179469,121.1769074,60.99743845,0.503375105,4.75,"High throughput: efficient ops, shorter transitions",97.175,124.6996732,60.99743845,63.70223476,0.489154758,48.91547578,51.08452422
UT,Utah,high,0.460347043,Sustainable,39,0.24,Bottom Quartile,0.926984127,84.65586377,91.32396263,59.03157729,115.5326208,56.50104355,0.489048402,4.75,"High throughput: efficient ops, shorter transitions",95.002,121.6107249,56.50104355,65.10968132,0.464605762,46.46057625,53.53942375
UT,Utah,baseline,0.355899905,Sustainable,39,0.24,Bottom Quartile,0.926984127,84.65586377,91.32396263,46.87024878,103.3712923,56.50104355,0.546583508,4.25,Typical OP PT clinic throughput baseline,95.002,108.8095959,56.50104355,52.30855238,0.519265264,51.92652639,48.07347361
UT,Utah,conservative,0.243781419,At Risk,39,0.24,Bottom Quartile,0.926984127,84.65586377,91.32396263,34.70892027,91.20996382,56.50104355,0.619461309,3.75,"Lower throughput: higher complexity/documentation, longer transitions",95.002,96.008467,56.50104355,39.50742345,0.588500632,58.85006325,41.14993675
VA,Virginia,baseline,0.456885343,Sustainable,20,0.62,Upper-Mid Quartile,1.032967033,107.6496037,104.2139781,58.19357657,113.1163039,54.92272733,0.485542096,4.25,Typical OP PT clinic throughput baseline,100.749,112.2753614,54.92272733,57.35263412,0.489178807,48.91788067,51.08211933
VA,Virginia,high,0.565254236,Sustainable,19,0.64,Upper-Mid Quartile,1.032967033,107.6496037,104.2139781,71.50137703,126.4241044,54.92272733,0.434432402,4.75,"High throughput: efficient ops, shorter transitions",100.749,125.4842275,54.92272733,70.56150017,0.437686301,43.76863007,56.23136993
VA,Virginia,conservative,0.341701823,Sustainable,20,0.62,Upper-Mid Quartile,1.032967033,107.6496037,104.2139781,44.88577611,99.80850344,54.92272733,0.550281043,3.75,"Lower throughput: higher complexity/documentation, longer transitions",100.749,99.06649539,54.92272733,44.14376806,0.554402648,55.44026476,44.55973524
VT,Vermont,baseline,0.478889753,Sustainable,16,0.7,Upper-Mid Quartile,0.663636364,112.7026718,169.8259438,60.61766535,114.7417161,54.12405075,0.47170334,4.25,Typical OP PT clinic throughput baseline,96.635,118.7372237,54.12405075,64.61317293,0.455830523,45.58305228,54.41694772
VT,Vermont,conservative,0.36343883,Sustainable,16,0.7,Upper-Mid Quartile,0.663636364,112.7026718,169.8259438,47.11863993,101.2426907,54.12405075,0.534597119,3.75,"Lower throughput: higher complexity/documentation, longer transitions",96.635,104.7681385,54.12405075,50.64408779,0.516607926,51.66079259,48.33920741
VT,Vermont,high,0.587720278,Sustainable,16,0.7,Upper-Mid Quartile,0.663636364,112.7026718,169.8259438,74.11669078,128.2407415,54.12405075,0.422050357,4.75,"High throughput: efficient ops, shorter transitions",96.635,132.7063088,54.12405075,78.58225807,0.407848363,40.78483625,59.21516375
WA,Washington,conservative,0.418569,Sustainable,6,0.9,Top Quartile,1.093582888,104.3546374,95.42453393,52.81067414,104.612776,51.80210187,0.495179498,3.75,"Lower throughput: higher complexity/documentation, longer transitions",108.562,96.36224095,51.80210187,44.56013907,0.537576766,53.75767662,46.24232338
WA,Washington,high,0.644293742,Sustainable,6,0.9,Top Quartile,1.093582888,104.3546374,95.42453393,80.70741441,132.5095163,51.80210187,0.390931182,4.75,"High throughput: efficient ops, shorter transitions",108.562,122.0588385,51.80210187,70.25673666,0.42440271,42.44027102,57.55972898
WA,Washington,baseline,0.534497498,Sustainable,6,0.9,Top Quartile,1.093582888,104.3546374,95.42453393,66.75904428,118.5611462,51.80210187,0.436923086,4.25,Typical OP PT clinic throughput baseline,108.562,109.2105397,51.80210187,57.40843787,0.474332441,47.43324408,52.56675592
WI,Wisconsin,high,0.544149245,Sustainable,22,0.58,Upper-Mid Quartile,0.937321937,110.9546654,118.3741263,69.33551049,125.9926657,56.6571552,0.449686138,4.75,"High throughput: efficient ops, shorter transitions",93.097,135.3348289,56.6571552,78.67767373,0.418644304,41.86443035,58.13556965
WI,Wisconsin,conservative,0.319128228,Sustainable,22,0.58,Upper-Mid Quartile,0.937321937,110.9546654,118.3741263,42.81073876,99.46789397,56.6571552,0.569602441,3.75,"Lower throughput: higher complexity/documentation, longer transitions",93.097,106.843286,56.6571552,50.1861308,0.530282784,53.02827845,46.97172155
WI,Wisconsin,baseline,0.435165687,Sustainable,22,0.58,Upper-Mid Quartile,0.937321937,110.9546654,118.3741263,56.07312463,112.7302798,56.6571552,0.502590389,4.25,Typical OP PT clinic throughput baseline,93.097,121.0890575,56.6571552,64.43190226,0.467896575,46.78965745,53.21034255
WV,West Virginia,baseline,0.322909341,Sustainable,46,0.1,Bottom Quartile,1.525974026,132.7656613,87.00388015,43.56989974,101.6773617,58.10746198,0.571488687,4.25,Typical OP PT clinic throughput baseline,89.772,113.2617762,58.10746198,55.15431421,0.513036824,51.30368244,48.69631756
WV,West Virginia,high,0.427427128,Sustainable,46,0.1,Bottom Quartile,1.525974026,132.7656613,87.00388015,55.5319423,113.6394043,58.10746198,0.511331983,4.75,"High throughput: efficient ops, shorter transitions",89.772,126.586691,58.10746198,68.47922906,0.459032948,45.90329481,54.09670519
WV,West Virginia,conservative,0.210370661,At Risk,46,0.1,Bottom Quartile,1.525974026,132.7656613,87.00388015,31.60785719,89.71531917,58.10746198,0.647687179,3.75,"Lower throughput: higher complexity/documentation, longer transitions",89.772,99.93686135,58.10746198,41.82939937,0.581441734,58.14417343,41.85582657
WY,Wyoming,conservative,0.304188158,Sustainable,25,0.52,Upper-Mid Quartile,0.93442623,97.49155928,104.3330722,41.21922744,98.06507028,56.84584283,0.579674727,3.75,"Lower throughput: higher complexity/documentation, longer transitions",90.848,107.9441157,56.84584283,51.09827291,0.526622896,52.66228959,47.33771041
WY,Wyoming,baseline,0.41965414,Sustainable,25,0.52,Upper-Mid Quartile,0.93442623,97.49155928,104.3330722,54.29457014,111.140413,56.84584283,0.5114777,4.25,Typical OP PT clinic throughput baseline,90.848,122.3366645,56.84584283,65.49082168,0.464667261,46.46672611,53.53327389
WY,Wyoming,high,0.527941487,Sustainable,25,0.52,Upper-Mid Quartile,0.93442623,97.49155928,104.3330722,67.36991285,124.2157557,56.84584283,0.457637942,4.75,"High throughput: efficient ops, shorter transitions",90.848,136.7292133,56.84584283,79.88337045,0.415754918,41.57549178,58.42450822
